name,class
frame_0012.jpg,1
frame_0013.jpg,1
frame_0014.jpg,1
frame_0015.jpg,1
frame_0028.jpg,1
frame_0029.jpg,1
frame_0030.jpg,1
frame_0031.jpg,1
frame_0044.jpg,1
frame_0045.jpg,1
frame_0046.jpg,1
frame_0047.jpg,1
frame_0060.jpg,1
frame_0061.jpg,1
frame_0062.jpg,1
frame_0063.jpg,1
frame_0076.jpg,2
frame_0077.jpg,2
frame_0078.jpg,2
frame_0079.jpg,2
frame_0092.jpg,2
frame_0093.jpg,2
frame_0094.jpg,2
frame_0095.jpg,1
frame_0108.jpg,1
frame_0109.jpg,1
frame_0110.jpg,1
frame_0111.jpg,1
frame_0124.jpg,1
frame_0125.jpg,1
frame_0126.jpg,1
frame_0127.jpg,1
frame_0140.jpg,2
frame_0141.jpg,2
frame_0142.jpg,2
frame_0143.jpg,2
frame_0156.jpg,3
frame_0157.jpg,3
frame_0158.jpg,3
frame_0159.jpg,3
frame_0172.jpg,3
frame_0173.jpg,3
frame_0174.jpg,3
frame_0175.jpg,3
frame_0188.jpg,3
frame_0189.jpg,3
frame_0190.jpg,2
frame_0191.jpg,2
frame_0204.jpg,1
frame_0205.jpg,1
frame_0206.jpg,1
frame_0207.jpg,1
frame_0220.jpg,1
frame_0221.jpg,1
frame_0222.jpg,2
frame_0223.jpg,2
frame_0236.jpg,3
frame_0237.jpg,3
frame_0238.jpg,3
frame_0239.jpg,3
frame_0252.jpg,3
frame_0253.jpg,3
frame_0254.jpg,3
frame_0255.jpg,2
frame_0268.jpg,1
frame_0269.jpg,1
frame_0270.jpg,1
frame_0271.jpg,1
frame_0284.jpg,1
frame_0285.jpg,2
frame_0286.jpg,2
frame_0287.jpg,2
frame_0300.jpg,2
frame_0301.jpg,2
frame_0302.jpg,2
frame_0303.jpg,2
frame_0316.jpg,2
frame_0317.jpg,1
frame_0318.jpg,1
frame_0319.jpg,1
frame_0332.jpg,1
frame_0333.jpg,1
frame_0334.jpg,1
frame_0335.jpg,1
frame_0348.jpg,2
frame_0349.jpg,2
frame_0350.jpg,2
frame_0351.jpg,2
frame_0364.jpg,2
frame_0365.jpg,3
frame_0366.jpg,3
frame_0367.jpg,3
frame_0380.jpg,3
frame_0381.jpg,3
frame_0382.jpg,3
frame_0383.jpg,3
frame_0396.jpg,3
frame_0397.jpg,3
frame_0398.jpg,3
frame_0399.jpg,2
frame_0412.jpg,3
frame_0413.jpg,3
frame_0414.jpg,3
frame_0415.jpg,3
frame_0428.jpg,0
frame_0429.jpg,0
frame_0430.jpg,0
frame_0431.jpg,0
frame_0444.jpg,0
frame_0445.jpg,0
frame_0446.jpg,0
frame_0447.jpg,0
frame_0460.jpg,0
frame_0461.jpg,0
frame_0462.jpg,0
frame_0463.jpg,0
frame_0476.jpg,0
frame_0477.jpg,0
frame_0478.jpg,0
frame_0479.jpg,0
frame_0492.jpg,0
frame_0493.jpg,0
frame_0494.jpg,0
frame_0495.jpg,0
frame_0508.jpg,0
frame_0509.jpg,0
frame_0510.jpg,0
frame_0511.jpg,0
frame_0524.jpg,0
frame_0525.jpg,0
frame_0526.jpg,0
frame_0527.jpg,0
frame_0540.jpg,0
frame_0541.jpg,0
frame_0542.jpg,0
frame_0543.jpg,0
frame_0556.jpg,0
frame_0557.jpg,0
frame_0558.jpg,0
frame_0559.jpg,0
frame_0572.jpg,0
frame_0573.jpg,0
frame_0574.jpg,0
frame_0575.jpg,0
frame_0588.jpg,0
frame_0589.jpg,0
frame_0590.jpg,0
frame_0591.jpg,0
frame_0604.jpg,0
frame_0605.jpg,0
frame_0606.jpg,0
frame_0607.jpg,0
frame_0620.jpg,0
frame_0621.jpg,0
frame_0622.jpg,0
frame_0623.jpg,0
frame_0636.jpg,0
frame_0637.jpg,0
frame_0638.jpg,0
frame_0639.jpg,0
frame_0652.jpg,0
frame_0653.jpg,0
frame_0654.jpg,0
frame_0655.jpg,0
frame_0668.jpg,0
frame_0669.jpg,0
frame_0670.jpg,0
frame_0671.jpg,0
frame_0684.jpg,0
frame_0685.jpg,0
frame_0686.jpg,0
frame_0687.jpg,0
frame_0700.jpg,0
frame_0701.jpg,0
frame_0702.jpg,0
frame_0703.jpg,0
frame_0716.jpg,0
frame_0717.jpg,0
frame_0718.jpg,0
frame_0719.jpg,0
frame_0732.jpg,0
frame_0733.jpg,0
frame_0734.jpg,0
frame_0735.jpg,0
frame_0748.jpg,0
frame_0749.jpg,0
frame_0750.jpg,0
frame_0751.jpg,0
frame_0764.jpg,0
frame_0765.jpg,0
frame_0766.jpg,0
frame_0767.jpg,0
frame_0780.jpg,0
frame_0781.jpg,0
frame_0782.jpg,0
frame_0783.jpg,0
frame_0796.jpg,0
frame_0797.jpg,0
frame_0798.jpg,0
frame_0799.jpg,0
frame_0812.jpg,0
frame_0813.jpg,0
frame_0814.jpg,0
frame_0815.jpg,0
frame_0828.jpg,0
frame_0829.jpg,0
frame_0830.jpg,0
frame_0831.jpg,0
frame_0844.jpg,0
frame_0845.jpg,0
frame_0846.jpg,0
frame_0847.jpg,0
frame_0860.jpg,0
frame_0861.jpg,0
frame_0862.jpg,0
frame_0863.jpg,0
frame_0876.jpg,0
frame_0877.jpg,0
frame_0878.jpg,0
frame_0879.jpg,0
frame_0892.jpg,0
frame_0893.jpg,0
frame_0894.jpg,0
frame_0895.jpg,0
frame_0908.jpg,0
frame_0909.jpg,0
frame_0910.jpg,0
frame_0911.jpg,0
frame_0924.jpg,0
frame_0925.jpg,0
frame_0926.jpg,0
frame_0927.jpg,0
frame_0940.jpg,0
frame_0941.jpg,0
frame_0942.jpg,0
frame_0943.jpg,0
frame_0956.jpg,0
frame_0957.jpg,0
frame_0958.jpg,0
frame_0959.jpg,0
frame_0972.jpg,0
frame_0973.jpg,0
frame_0974.jpg,0
frame_0975.jpg,0
frame_0988.jpg,0
frame_0989.jpg,0
frame_0990.jpg,0
frame_0991.jpg,0
frame_1004.jpg,0
frame_1005.jpg,0
frame_1006.jpg,0
frame_1007.jpg,0
frame_1020.jpg,0
frame_1021.jpg,0
frame_1022.jpg,0
frame_1023.jpg,0
frame_1036.jpg,0
frame_1037.jpg,0
frame_1038.jpg,0
frame_1039.jpg,0
frame_1052.jpg,0
frame_1053.jpg,0
frame_1054.jpg,0
frame_1055.jpg,0
frame_1068.jpg,0
frame_1069.jpg,0
frame_1070.jpg,0
frame_1071.jpg,0
frame_1084.jpg,0
frame_1085.jpg,0
frame_1086.jpg,0
frame_1087.jpg,0
frame_1100.jpg,0
frame_1101.jpg,0
frame_1102.jpg,0
frame_1103.jpg,0
frame_1116.jpg,0
frame_1117.jpg,0
frame_1118.jpg,0
frame_1119.jpg,0
frame_1132.jpg,0
frame_1133.jpg,0
frame_1134.jpg,0
frame_1135.jpg,0
frame_1148.jpg,0
frame_1149.jpg,0
frame_1150.jpg,0
frame_1151.jpg,0
frame_1164.jpg,0
frame_1165.jpg,0
frame_1166.jpg,0
frame_1167.jpg,0
frame_1180.jpg,0
frame_1181.jpg,0
frame_1182.jpg,0
frame_1183.jpg,0
frame_1196.jpg,0
frame_1197.jpg,0
frame_1198.jpg,0
frame_1199.jpg,0
frame_1212.jpg,0
frame_1213.jpg,0
frame_1214.jpg,0
frame_1215.jpg,0
frame_1228.jpg,0
frame_1229.jpg,0
frame_1230.jpg,0
frame_1231.jpg,0
frame_1244.jpg,0
frame_1245.jpg,0
frame_1246.jpg,0
frame_1247.jpg,0
frame_1260.jpg,0
frame_1261.jpg,0
frame_1262.jpg,0
frame_1263.jpg,0
frame_1276.jpg,0
frame_1277.jpg,0
frame_1278.jpg,0
frame_1279.jpg,0
frame_1292.jpg,0
frame_1293.jpg,0
frame_1294.jpg,0
frame_1295.jpg,0
frame_1308.jpg,0
frame_1309.jpg,0
frame_1310.jpg,0
frame_1311.jpg,0
frame_1324.jpg,0
frame_1325.jpg,0
frame_1326.jpg,0
frame_1327.jpg,0
frame_1340.jpg,0
frame_1341.jpg,0
frame_1342.jpg,0
frame_1343.jpg,0
frame_1356.jpg,0
frame_1357.jpg,0
frame_1358.jpg,0
frame_1359.jpg,0
frame_1372.jpg,0
frame_1373.jpg,0
frame_1374.jpg,0
frame_1375.jpg,0
frame_1388.jpg,0
frame_1389.jpg,0
frame_1390.jpg,0
frame_1391.jpg,0
frame_1404.jpg,0
frame_1405.jpg,0
frame_1406.jpg,0
frame_1407.jpg,0
frame_1420.jpg,0
frame_1421.jpg,0
frame_1422.jpg,0
frame_1423.jpg,0
frame_1436.jpg,0
frame_1437.jpg,0
frame_1438.jpg,0
frame_1439.jpg,0
frame_1452.jpg,0
frame_1453.jpg,0
frame_1454.jpg,0
frame_1455.jpg,0
frame_1468.jpg,0
frame_1469.jpg,0
frame_1470.jpg,0
frame_1471.jpg,0
frame_1484.jpg,0
frame_1485.jpg,0
frame_1486.jpg,0
frame_1487.jpg,0
frame_1500.jpg,0
frame_1501.jpg,0
frame_1502.jpg,0
frame_1503.jpg,0
frame_1516.jpg,0
frame_1517.jpg,0
frame_1518.jpg,0
frame_1519.jpg,0
frame_1532.jpg,0
frame_1533.jpg,0
frame_1534.jpg,0
frame_1535.jpg,0
frame_1548.jpg,0
frame_1549.jpg,0
frame_1550.jpg,0
frame_1551.jpg,0
frame_1564.jpg,0
frame_1565.jpg,0
frame_1566.jpg,0
frame_1567.jpg,0
